,time,proto,sip,sport,dip,dport,from,to,subject
35,2017-11-28 9:21,smtp,10.64.105.231,1646,10.5.71.60,25,1213@hightech.com,1041@hightech.com;1368@hightech.com;1347@hightech.com;1255@hightech.com;1248@hightech.com;1327@hightech.com;1439@hightech.com;1137@hightech.com;1370@hightech.com;1467@hightech.com;1226@hightech.com;1369@hightech.com;1186@hightech.com;1451@hightech.com;1124@hightech.com;1431@hightech.com;1293@hightech.com;1253@hightech.com;1342@hightech.com;1498@hightech.com;1108@hightech.com;1180@hightech.com;1346@hightech.com,资金
41,2017-11-28 9:26,smtp,10.116.216.72,2418,10.5.71.60,25,ti@hightech.net,1060@hightech.com,互联网资产监控报警
43,2017-11-28 9:26,smtp,10.116.216.72,2372,10.5.71.60,25,ti@hightech.net,1060@hightech.com,互联网资产监控报警
48,2017-11-28 9:29,smtp,10.116.216.72,2089,10.5.71.60,25,ti@hightech.net,1060@hightech.com,互联网资产监控报警
57,2017-11-28 9:36,smtp,10.116.216.72,2066,10.5.71.60,25,ti@hightech.net,1060@hightech.com,互联网资产监控报警
61,2017-11-28 9:38,smtp,10.64.105.29,2132,10.5.71.60,25,1451@hightech.com,1041@hightech.com;1368@hightech.com;1347@hightech.com;1255@hightech.com;1248@hightech.com;1327@hightech.com;1439@hightech.com;1137@hightech.com;1370@hightech.com;1467@hightech.com;1226@hightech.com;1369@hightech.com;1186@hightech.com;1213@hightech.com;1124@hightech.com;1431@hightech.com;1293@hightech.com;1253@hightech.com;1342@hightech.com;1498@hightech.com;1108@hightech.com;1180@hightech.com;1346@hightech.com,成本控制
63,2017-11-28 9:39,smtp,10.64.105.225,2430,10.5.71.60,25,1370@hightech.com,1182@hightech.com,财务报账
64,2017-11-28 9:39,smtp,10.116.216.72,1860,10.5.71.60,25,ti@hightech.net,1060@hightech.com,互联网资产监控报警
65,2017-11-28 9:40,smtp,10.116.216.72,1742,10.5.71.60,25,ti@hightech.net,1060@hightech.com,互联网资产监控报警
68,2017-11-28 9:41,smtp,10.64.105.71,1618,10.5.71.60,25,1180@hightech.com,1118@hightech.com,财务报账
70,2017-11-28 9:41,smtp,10.116.216.72,2310,10.5.71.60,25,ti@hightech.net,1060@hightech.com,互联网资产监控报警
75,2017-11-28 9:42,smtp,10.116.216.72,2188,10.5.71.60,25,ti@hightech.net,1060@hightech.com,互联网资产监控报警
79,2017-11-28 9:45,smtp,10.64.106.3,1637,10.5.71.60,25,1110@hightech.com,1370@hightech.com,财务报账
80,2017-11-28 9:45,smtp,163.177.72.176,2020,10.5.71.60,25,3767417d56866d74da4323071d17bb0c@qq.com,1213@hightech.com,财务
82,2017-11-28 9:46,smtp,10.64.105.83,1831,10.5.71.60,25,1431@hightech.com,1041@hightech.com;1368@hightech.com;1347@hightech.com;1255@hightech.com;1248@hightech.com;1327@hightech.com;1439@hightech.com;1137@hightech.com;1370@hightech.com;1467@hightech.com;1226@hightech.com;1369@hightech.com;1186@hightech.com;1213@hightech.com;1451@hightech.com;1124@hightech.com;1293@hightech.com;1253@hightech.com;1342@hightech.com;1498@hightech.com;1108@hightech.com;1180@hightech.com;1346@hightech.com,会计核算
92,2017-11-28 9:51,smtp,10.116.216.72,2446,10.5.71.60,25,ti@hightech.net,1060@hightech.com,互联网资产监控报警
94,2017-11-28 9:51,smtp,10.64.105.71,1624,10.5.71.60,25,1180@hightech.com,1041@hightech.com;1368@hightech.com;1347@hightech.com;1255@hightech.com;1248@hightech.com;1327@hightech.com;1439@hightech.com;1137@hightech.com;1370@hightech.com;1467@hightech.com;1226@hightech.com;1369@hightech.com;1186@hightech.com;1213@hightech.com;1451@hightech.com;1124@hightech.com;1431@hightech.com;1293@hightech.com;1253@hightech.com;1342@hightech.com;1498@hightech.com;1108@hightech.com;1346@hightech.com,税务
95,2017-11-28 9:53,smtp,10.116.216.72,2618,10.5.71.60,25,ti@hightech.net,1060@hightech.com,互联网资产监控报警
99,2017-11-28 9:55,smtp,10.64.106.32,2165,10.5.71.60,25,1371@hightech.com,1186@hightech.com,财务报账
100,2017-11-28 9:55,smtp,10.64.105.225,2426,10.5.71.60,25,1370@hightech.com,1462@hightech.com,财务报账
101,2017-11-28 9:56,smtp,10.64.105.22,1823,10.5.71.60,25,1439@hightech.com,1041@hightech.com;1368@hightech.com;1347@hightech.com;1255@hightech.com;1248@hightech.com;1327@hightech.com;1137@hightech.com;1370@hightech.com;1467@hightech.com;1226@hightech.com;1369@hightech.com;1186@hightech.com;1213@hightech.com;1451@hightech.com;1124@hightech.com;1431@hightech.com;1293@hightech.com;1253@hightech.com;1342@hightech.com;1498@hightech.com;1108@hightech.com;1180@hightech.com;1346@hightech.com,资金
105,2017-11-28 9:57,smtp,10.116.216.72,2232,10.5.71.60,25,ti@hightech.net,1060@hightech.com,互联网资产监控报警
107,2017-11-28 9:58,smtp,10.116.216.72,1798,10.5.71.60,25,ti@hightech.net,1060@hightech.com,互联网资产监控报警
118,2017-11-28 10:13,smtp,10.116.216.72,1644,10.5.71.60,25,ti@hightech.net,1060@hightech.com,互联网资产监控报警
127,2017-11-28 10:20,smtp,10.116.216.72,1576,10.5.71.60,25,ti@hightech.net,1060@hightech.com,互联网资产监控报警
133,2017-11-28 10:20,smtp,10.116.216.72,1950,10.5.71.60,25,ti@hightech.net,1060@hightech.com,互联网资产监控报警
134,2017-11-28 10:21,smtp,10.116.216.72,2047,10.5.71.60,25,ti@hightech.net,1060@hightech.com,互联网资产监控报警
150,2017-11-28 10:23,smtp,10.116.216.72,1647,10.5.71.60,25,ti@hightech.net,1060@hightech.com,互联网资产监控报警
171,2017-11-28 10:25,smtp,10.116.216.72,2276,10.5.71.60,25,ti@hightech.net,1060@hightech.com,互联网资产监控报警
176,2017-11-28 10:25,smtp,10.116.216.72,1690,10.5.71.60,25,ti@hightech.net,1060@hightech.com,互联网资产监控报警
178,2017-11-28 10:26,smtp,10.116.216.72,2390,10.5.71.60,25,ti@hightech.net,1060@hightech.com,互联网资产监控报警
181,2017-11-28 10:26,smtp,10.116.216.72,2116,10.5.71.60,25,ti@hightech.net,1060@hightech.com,互联网资产监控报警
183,2017-11-28 10:26,smtp,10.116.216.72,1534,10.5.71.60,25,ti@hightech.net,1060@hightech.com,互联网资产监控报警
186,2017-11-28 10:27,smtp,10.116.216.72,1686,10.5.71.60,25,ti@hightech.net,1060@hightech.com,互联网资产监控报警
190,2017-11-28 10:27,smtp,10.116.216.72,1782,10.5.71.60,25,ti@hightech.net,1060@hightech.com,互联网资产监控报警
195,2017-11-28 10:27,smtp,10.116.216.72,1653,10.5.71.60,25,ti@hightech.net,1060@hightech.com,互联网资产监控报警
196,2017-11-28 10:28,smtp,10.116.216.72,2070,10.5.71.60,25,ti@hightech.net,1060@hightech.com,互联网资产监控报警
199,2017-11-28 10:28,smtp,10.116.216.72,2331,10.5.71.60,25,ti@hightech.net,1060@hightech.com,互联网资产监控报警
200,2017-11-28 10:28,smtp,10.116.216.72,2157,10.5.71.60,25,ti@hightech.net,1060@hightech.com,互联网资产监控报警
201,2017-11-28 10:28,smtp,10.116.216.72,1730,10.5.71.60,25,ti@hightech.net,1060@hightech.com,互联网资产监控报警
213,2017-11-28 10:29,smtp,10.116.216.72,2035,10.5.71.60,25,ti@hightech.net,1060@hightech.com,互联网资产监控报警
215,2017-11-28 10:29,smtp,10.116.216.72,2206,10.5.71.60,25,ti@hightech.net,1060@hightech.com,互联网资产监控报警
219,2017-11-28 10:29,smtp,10.116.216.72,1915,10.5.71.60,25,ti@hightech.net,1060@hightech.com,互联网资产监控报警
226,2017-11-28 10:30,smtp,10.116.216.72,2686,10.5.71.60,25,ti@hightech.net,1060@hightech.com,互联网资产监控报警
229,2017-11-28 10:30,smtp,10.116.216.72,2278,10.5.71.60,25,ti@hightech.net,1060@hightech.com,互联网资产监控报警
243,2017-11-28 10:31,smtp,111.202.126.72,2318,10.5.71.60,25,a0aff730a70429446131319e20336a4e@sohu.com,1226@hightech.com,财务
246,2017-11-28 10:32,smtp,10.116.216.72,2125,10.5.71.60,25,ti@hightech.net,1060@hightech.com,互联网资产监控报警
248,2017-11-28 10:32,smtp,10.116.216.72,2137,10.5.71.60,25,ti@hightech.net,1060@hightech.com,互联网资产监控报警
249,2017-11-28 10:32,smtp,10.116.216.72,2294,10.5.71.60,25,ti@hightech.net,1060@hightech.com,互联网资产监控报警
250,2017-11-28 10:32,smtp,10.116.216.72,1976,10.5.71.60,25,ti@hightech.net,1060@hightech.com,互联网资产监控报警
262,2017-11-28 10:33,smtp,10.64.105.235,2374,10.5.71.60,25,1498@hightech.com,1041@hightech.com;1368@hightech.com;1347@hightech.com;1255@hightech.com;1248@hightech.com;1327@hightech.com;1439@hightech.com;1137@hightech.com;1370@hightech.com;1467@hightech.com;1226@hightech.com;1369@hightech.com;1186@hightech.com;1213@hightech.com;1451@hightech.com;1124@hightech.com;1431@hightech.com;1293@hightech.com;1253@hightech.com;1342@hightech.com;1108@hightech.com;1180@hightech.com;1346@hightech.com,财务分析
278,2017-11-28 10:35,smtp,10.116.216.72,2106,10.5.71.60,25,ti@hightech.net,1060@hightech.com,互联网资产监控报警
292,2017-11-28 10:35,smtp,10.116.216.72,2033,10.5.71.60,25,ti@hightech.net,1060@hightech.com,互联网资产监控报警
314,2017-11-28 10:37,smtp,10.116.216.72,1710,10.5.71.60,25,ti@hightech.net,1060@hightech.com,互联网资产监控报警
316,2017-11-28 10:37,smtp,10.116.216.72,2388,10.5.71.60,25,ti@hightech.net,1060@hightech.com,互联网资产监控报警
319,2017-11-28 10:38,smtp,10.116.216.72,1636,10.5.71.60,25,ti@hightech.net,1060@hightech.com,互联网资产监控报警
340,2017-11-28 10:39,smtp,10.64.105.22,1813,10.5.71.60,25,1439@hightech.com,1460@hightech.com,财务报账
352,2017-11-28 10:40,smtp,10.116.216.72,2533,10.5.71.60,25,ti@hightech.net,1060@hightech.com,互联网资产监控报警
355,2017-11-28 10:40,smtp,10.116.216.72,2065,10.5.71.60,25,ti@hightech.net,1060@hightech.com,互联网资产监控报警
358,2017-11-28 10:40,smtp,10.116.216.72,1682,10.5.71.60,25,ti@hightech.net,1060@hightech.com,互联网资产监控报警
371,2017-11-28 10:41,smtp,219.142.78.230,1964,10.5.71.60,25,6a52a5922d9b35a35eb56962fe2325df@sina.com,1213@hightech.com,财务
423,2017-11-28 10:44,smtp,10.116.216.72,2343,10.5.71.60,25,ti@hightech.net,1060@hightech.com,互联网资产监控报警
424,2017-11-28 10:44,smtp,10.116.216.72,2194,10.5.71.60,25,ti@hightech.net,1060@hightech.com,互联网资产监控报警
425,2017-11-28 10:44,smtp,10.116.216.72,1713,10.5.71.60,25,ti@hightech.net,1060@hightech.com,互联网资产监控报警
428,2017-11-28 10:44,smtp,10.116.216.72,2254,10.5.71.60,25,ti@hightech.net,1060@hightech.com,互联网资产监控报警
432,2017-11-28 10:45,smtp,219.142.78.230,1822,10.5.71.60,25,4e1beae1ecac791159b3f5bd6df16e81@sina.com,1467@hightech.com,财务
439,2017-11-28 10:45,smtp,10.116.216.72,2230,10.5.71.60,25,ti@hightech.net,1060@hightech.com,互联网资产监控报警
441,2017-11-28 10:45,smtp,10.116.216.72,1712,10.5.71.60,25,ti@hightech.net,1060@hightech.com,互联网资产监控报警
444,2017-11-28 10:45,smtp,10.116.216.72,2429,10.5.71.60,25,ti@hightech.net,1060@hightech.com,互联网资产监控报警
447,2017-11-28 10:45,smtp,10.116.216.72,1780,10.5.71.60,25,ti@hightech.net,1060@hightech.com,互联网资产监控报警
451,2017-11-28 10:46,smtp,10.116.216.72,1786,10.5.71.60,25,ti@hightech.net,1060@hightech.com,互联网资产监控报警
460,2017-11-28 10:46,smtp,10.116.216.72,1801,10.5.71.60,25,ti@hightech.net,1060@hightech.com,互联网资产监控报警
470,2017-11-28 10:48,smtp,10.116.216.72,2164,10.5.71.60,25,ti@hightech.net,1060@hightech.com,互联网资产监控报警
491,2017-11-28 10:49,smtp,10.116.216.72,1662,10.5.71.60,25,ti@hightech.net,1060@hightech.com,互联网资产监控报警
500,2017-11-28 10:49,smtp,10.116.216.72,1604,10.5.71.60,25,ti@hightech.net,1060@hightech.com,互联网资产监控报警
507,2017-11-28 10:50,smtp,10.116.216.72,1613,10.5.71.60,25,ti@hightech.net,1060@hightech.com,互联网资产监控报警
508,2017-11-28 10:52,smtp,10.116.216.72,2148,10.5.71.60,25,ti@hightech.net,1060@hightech.com,互联网资产监控报警
510,2017-11-28 10:52,smtp,10.116.216.72,2282,10.5.71.60,25,ti@hightech.net,1060@hightech.com,互联网资产监控报警
514,2017-11-28 10:53,smtp,10.116.216.72,1942,10.5.71.60,25,ti@hightech.net,1060@hightech.com,互联网资产监控报警
516,2017-11-28 10:53,smtp,10.116.216.72,1642,10.5.71.60,25,ti@hightech.net,1060@hightech.com,互联网资产监控报警
525,2017-11-28 10:57,smtp,219.142.78.230,2283,10.5.71.60,25,5ce54ca791f1b2b7f902793323e2430a@sina.com,1248@hightech.com,财务
527,2017-11-28 10:58,smtp,10.116.216.72,1998,10.5.71.60,25,ti@hightech.net,1060@hightech.com,互联网资产监控报警
528,2017-11-28 10:58,smtp,10.116.216.72,2243,10.5.71.60,25,ti@hightech.net,1060@hightech.com,互联网资产监控报警
544,2017-11-28 11:00,smtp,10.64.105.8,2073,10.5.71.60,25,1108@hightech.com,1041@hightech.com;1368@hightech.com;1347@hightech.com;1255@hightech.com;1248@hightech.com;1327@hightech.com;1439@hightech.com;1137@hightech.com;1370@hightech.com;1467@hightech.com;1226@hightech.com;1369@hightech.com;1186@hightech.com;1213@hightech.com;1451@hightech.com;1124@hightech.com;1431@hightech.com;1293@hightech.com;1253@hightech.com;1342@hightech.com;1498@hightech.com;1180@hightech.com;1346@hightech.com,资金
556,2017-11-28 11:03,smtp,10.116.216.72,1706,10.5.71.60,25,ti@hightech.net,1060@hightech.com,互联网资产监控报警
574,2017-11-28 11:06,smtp,10.116.216.72,1879,10.5.71.60,25,ti@hightech.net,1060@hightech.com,互联网资产监控报警
575,2017-11-28 11:06,smtp,10.116.216.72,2164,10.5.71.60,25,ti@hightech.net,1060@hightech.com,互联网资产监控报警
577,2017-11-28 11:07,smtp,10.64.105.43,1973,10.5.71.60,25,1124@hightech.com,03feed170d80f0c56bd8ab208cf9abb7@sohu.com,财务
586,2017-11-28 11:08,smtp,10.116.216.72,1754,10.5.71.60,25,ti@hightech.net,1060@hightech.com,互联网资产监控报警
600,2017-11-28 11:11,smtp,10.116.216.72,1835,10.5.71.60,25,ti@hightech.net,1060@hightech.com,互联网资产监控报警
604,2017-11-28 11:11,smtp,10.116.216.72,2484,10.5.71.60,25,ti@hightech.net,1060@hightech.com,互联网资产监控报警
609,2017-11-28 11:12,smtp,10.116.216.72,2150,10.5.71.60,25,ti@hightech.net,1060@hightech.com,互联网资产监控报警
613,2017-11-28 11:12,smtp,10.116.216.72,2433,10.5.71.60,25,ti@hightech.net,1060@hightech.com,互联网资产监控报警
615,2017-11-28 11:12,smtp,10.116.216.72,2490,10.5.71.60,25,ti@hightech.net,1060@hightech.com,互联网资产监控报警
620,2017-11-28 11:13,smtp,10.116.216.72,2059,10.5.71.60,25,ti@hightech.net,1060@hightech.com,互联网资产监控报警
623,2017-11-28 11:13,smtp,10.116.216.72,1704,10.5.71.60,25,ti@hightech.net,1060@hightech.com,互联网资产监控报警
629,2017-11-28 11:14,smtp,10.64.105.196,2160,10.5.71.60,25,1279@hightech.com,1327@hightech.com,财务报账
633,2017-11-28 11:14,smtp,10.116.216.72,1969,10.5.71.60,25,ti@hightech.net,1060@hightech.com,互联网资产监控报警
636,2017-11-28 11:15,smtp,10.116.216.72,2126,10.5.71.60,25,ti@hightech.net,1060@hightech.com,互联网资产监控报警
642,2017-11-28 11:15,smtp,10.116.216.72,1687,10.5.71.60,25,ti@hightech.net,1060@hightech.com,互联网资产监控报警
644,2017-11-28 11:16,smtp,163.177.72.176,2201,10.5.71.60,25,f9842aca4b1ffd6de7ca5166f00001bd@qq.com,1213@hightech.com,财务
665,2017-11-28 11:20,smtp,10.116.216.72,2065,10.5.71.60,25,ti@hightech.net,1060@hightech.com,互联网资产监控报警
673,2017-11-28 11:21,smtp,10.116.216.72,1744,10.5.71.60,25,ti@hightech.net,1060@hightech.com,互联网资产监控报警
675,2017-11-28 11:21,smtp,10.116.216.72,2130,10.5.71.60,25,ti@hightech.net,1060@hightech.com,互联网资产监控报警
682,2017-11-28 11:22,smtp,111.202.126.72,2407,10.5.71.60,25,50c986e145734b882872d315108cb6c3@sohu.com,1186@hightech.com,财务
686,2017-11-28 11:22,smtp,10.116.216.72,1738,10.5.71.60,25,ti@hightech.net,1060@hightech.com,互联网资产监控报警
687,2017-11-28 11:24,smtp,10.116.216.72,1814,10.5.71.60,25,ti@hightech.net,1060@hightech.com,互联网资产监控报警
688,2017-11-28 11:24,smtp,10.116.216.72,1664,10.5.71.60,25,ti@hightech.net,1060@hightech.com,互联网资产监控报警
690,2017-11-28 11:24,smtp,10.64.105.88,1520,10.5.71.60,25,1368@hightech.com,feddfefcce1c570ff83d506ab60be4f3@foxmail.com,财务
694,2017-11-28 11:24,smtp,10.116.216.72,2273,10.5.71.60,25,ti@hightech.net,1060@hightech.com,互联网资产监控报警
700,2017-11-28 11:25,smtp,10.116.216.72,2084,10.5.71.60,25,ti@hightech.net,1060@hightech.com,互联网资产监控报警
704,2017-11-28 11:26,smtp,10.116.216.72,2491,10.5.71.60,25,ti@hightech.net,1060@hightech.com,互联网资产监控报警
710,2017-11-28 11:27,smtp,10.1.4.17,4075,10.5.71.60,25,finance@hightech.com,1487@hightech.com,【通知】各项报销已结算完毕，请通过。
711,2017-11-28 11:27,smtp,10.116.216.72,2110,10.5.71.60,25,ti@hightech.net,1060@hightech.com,互联网资产监控报警
713,2017-11-28 11:27,smtp,10.116.216.72,1803,10.5.71.60,25,ti@hightech.net,1060@hightech.com,互联网资产监控报警
718,2017-11-28 11:28,smtp,10.64.105.243,1866,10.5.71.60,25,1369@hightech.com,1041@hightech.com;1368@hightech.com;1347@hightech.com;1255@hightech.com;1248@hightech.com;1327@hightech.com;1439@hightech.com;1137@hightech.com;1370@hightech.com;1467@hightech.com;1226@hightech.com;1186@hightech.com;1213@hightech.com;1451@hightech.com;1124@hightech.com;1431@hightech.com;1293@hightech.com;1253@hightech.com;1342@hightech.com;1498@hightech.com;1108@hightech.com;1180@hightech.com;1346@hightech.com,成本控制
724,2017-11-28 11:29,smtp,10.116.216.72,2179,10.5.71.60,25,ti@hightech.net,1060@hightech.com,互联网资产监控报警
727,2017-11-28 11:29,smtp,10.64.105.231,1643,10.5.71.60,25,1213@hightech.com,a7b876eeaec1cd28c8b708964c331a50@sohu.com,财务
734,2017-11-28 11:30,smtp,10.116.216.72,1602,10.5.71.60,25,ti@hightech.net,1060@hightech.com,互联网资产监控报警
742,2017-11-28 11:30,smtp,10.116.216.72,1732,10.5.71.60,25,ti@hightech.net,1060@hightech.com,互联网资产监控报警
744,2017-11-28 11:30,smtp,10.64.106.16,1756,10.5.71.60,25,1347@hightech.com,1041@hightech.com;1368@hightech.com;1255@hightech.com;1248@hightech.com;1327@hightech.com;1439@hightech.com;1137@hightech.com;1370@hightech.com;1467@hightech.com;1226@hightech.com;1369@hightech.com;1186@hightech.com;1213@hightech.com;1451@hightech.com;1124@hightech.com;1431@hightech.com;1293@hightech.com;1253@hightech.com;1342@hightech.com;1498@hightech.com;1108@hightech.com;1180@hightech.com;1346@hightech.com,资金
753,2017-11-28 11:32,smtp,10.116.216.72,1542,10.5.71.60,25,ti@hightech.net,1060@hightech.com,互联网资产监控报警
754,2017-11-28 11:32,smtp,10.116.216.72,2410,10.5.71.60,25,ti@hightech.net,1060@hightech.com,互联网资产监控报警
779,2017-11-28 11:37,smtp,10.116.216.72,1943,10.5.71.60,25,ti@hightech.net,1060@hightech.com,互联网资产监控报警
780,2017-11-28 11:37,smtp,10.116.216.72,2082,10.5.71.60,25,ti@hightech.net,1060@hightech.com,互联网资产监控报警
794,2017-11-28 11:39,smtp,10.64.105.235,2376,10.5.71.60,25,1498@hightech.com,1041@hightech.com;1368@hightech.com;1347@hightech.com;1255@hightech.com;1248@hightech.com;1327@hightech.com;1439@hightech.com;1137@hightech.com;1370@hightech.com;1467@hightech.com;1226@hightech.com;1369@hightech.com;1186@hightech.com;1213@hightech.com;1451@hightech.com;1124@hightech.com;1431@hightech.com;1293@hightech.com;1253@hightech.com;1342@hightech.com;1108@hightech.com;1180@hightech.com;1346@hightech.com,资金
799,2017-11-28 11:41,smtp,10.116.216.72,2433,10.5.71.60,25,ti@hightech.net,1060@hightech.com,互联网资产监控报警
810,2017-11-28 11:44,smtp,10.116.216.72,1759,10.5.71.60,25,ti@hightech.net,1060@hightech.com,互联网资产监控报警
821,2017-11-28 11:45,smtp,10.116.216.72,1813,10.5.71.60,25,ti@hightech.net,1060@hightech.com,互联网资产监控报警
838,2017-11-28 11:48,smtp,10.116.216.72,1822,10.5.71.60,25,ti@hightech.net,1060@hightech.com,互联网资产监控报警
839,2017-11-28 11:48,smtp,10.116.216.72,1645,10.5.71.60,25,ti@hightech.net,1060@hightech.com,互联网资产监控报警
842,2017-11-28 11:49,smtp,10.116.216.72,2173,10.5.71.60,25,ti@hightech.net,1060@hightech.com,互联网资产监控报警
851,2017-11-28 11:51,smtp,111.202.126.72,1808,10.5.71.60,25,9edc37c6da92eac68803643e50397520@sohu.com,1226@hightech.com,财务
853,2017-11-28 11:51,smtp,10.116.216.72,2010,10.5.71.60,25,ti@hightech.net,1060@hightech.com,互联网资产监控报警
859,2017-11-28 11:52,smtp,10.116.216.72,2264,10.5.71.60,25,ti@hightech.net,1060@hightech.com,互联网资产监控报警
869,2017-11-28 11:53,smtp,10.116.216.72,2463,10.5.71.60,25,ti@hightech.net,1060@hightech.com,互联网资产监控报警
872,2017-11-28 11:54,smtp,10.116.216.72,2479,10.5.71.60,25,ti@hightech.net,1060@hightech.com,互联网资产监控报警
877,2017-11-28 11:55,smtp,10.116.216.72,1707,10.5.71.60,25,ti@hightech.net,1060@hightech.com,互联网资产监控报警
879,2017-11-28 11:55,smtp,10.116.216.72,2265,10.5.71.60,25,ti@hightech.net,1060@hightech.com,互联网资产监控报警
895,2017-11-28 11:57,smtp,10.116.216.72,1650,10.5.71.60,25,ti@hightech.net,1060@hightech.com,互联网资产监控报警
897,2017-11-28 11:57,smtp,10.116.216.72,2174,10.5.71.60,25,ti@hightech.net,1060@hightech.com,互联网资产监控报警
904,2017-11-28 11:58,smtp,10.116.216.72,1934,10.5.71.60,25,ti@hightech.net,1060@hightech.com,互联网资产监控报警
905,2017-11-28 11:59,smtp,10.116.216.72,2516,10.5.71.60,25,ti@hightech.net,1060@hightech.com,互联网资产监控报警
907,2017-11-28 11:59,smtp,10.116.216.72,1823,10.5.71.60,25,ti@hightech.net,1060@hightech.com,互联网资产监控报警
909,2017-11-28 12:00,smtp,10.116.216.72,2327,10.5.71.60,25,ti@hightech.net,1060@hightech.com,互联网资产监控报警
918,2017-11-28 12:02,smtp,10.116.216.72,1716,10.5.71.60,25,ti@hightech.net,1060@hightech.com,互联网资产监控报警
920,2017-11-28 12:02,smtp,10.116.216.72,2118,10.5.71.60,25,ti@hightech.net,1060@hightech.com,互联网资产监控报警
921,2017-11-28 12:02,smtp,10.116.216.72,2266,10.5.71.60,25,ti@hightech.net,1060@hightech.com,互联网资产监控报警
926,2017-11-28 12:03,smtp,10.116.216.72,1869,10.5.71.60,25,ti@hightech.net,1060@hightech.com,互联网资产监控报警
929,2017-11-28 12:03,smtp,10.116.216.72,2300,10.5.71.60,25,ti@hightech.net,1060@hightech.com,互联网资产监控报警
930,2017-11-28 12:03,smtp,10.116.216.72,2610,10.5.71.60,25,ti@hightech.net,1060@hightech.com,互联网资产监控报警
934,2017-11-28 12:04,smtp,10.64.105.71,1617,10.5.71.60,25,1180@hightech.com,1041@hightech.com;1368@hightech.com;1347@hightech.com;1255@hightech.com;1248@hightech.com;1327@hightech.com;1439@hightech.com;1137@hightech.com;1370@hightech.com;1467@hightech.com;1226@hightech.com;1369@hightech.com;1186@hightech.com;1213@hightech.com;1451@hightech.com;1124@hightech.com;1431@hightech.com;1293@hightech.com;1253@hightech.com;1342@hightech.com;1498@hightech.com;1108@hightech.com;1346@hightech.com,资金
941,2017-11-28 12:05,smtp,10.116.216.72,1837,10.5.71.60,25,ti@hightech.net,1060@hightech.com,互联网资产监控报警
947,2017-11-28 12:06,smtp,10.64.105.122,2285,10.5.71.60,25,1186@hightech.com,1041@hightech.com;1368@hightech.com;1347@hightech.com;1255@hightech.com;1248@hightech.com;1327@hightech.com;1439@hightech.com;1137@hightech.com;1370@hightech.com;1467@hightech.com;1226@hightech.com;1369@hightech.com;1213@hightech.com;1451@hightech.com;1124@hightech.com;1431@hightech.com;1293@hightech.com;1253@hightech.com;1342@hightech.com;1498@hightech.com;1108@hightech.com;1180@hightech.com;1346@hightech.com,会计核算
951,2017-11-28 12:07,smtp,10.116.216.72,1792,10.5.71.60,25,ti@hightech.net,1060@hightech.com,互联网资产监控报警
959,2017-11-28 12:10,smtp,10.116.216.72,2143,10.5.71.60,25,ti@hightech.net,1060@hightech.com,互联网资产监控报警
964,2017-11-28 12:11,smtp,10.116.216.72,2074,10.5.71.60,25,ti@hightech.net,1060@hightech.com,互联网资产监控报警
982,2017-11-28 12:16,smtp,10.116.216.72,2142,10.5.71.60,25,ti@hightech.net,1060@hightech.com,互联网资产监控报警
985,2017-11-28 12:16,smtp,10.116.216.72,2549,10.5.71.60,25,ti@hightech.net,1060@hightech.com,互联网资产监控报警
1019,2017-11-28 12:22,smtp,111.202.126.72,2167,10.5.71.60,25,7f5e8ae54ee405d5d992a4befb0ee0fd@sohu.com,1347@hightech.com,财务
1023,2017-11-28 12:22,smtp,10.116.216.72,2092,10.5.71.60,25,ti@hightech.net,1060@hightech.com,互联网资产监控报警
1029,2017-11-28 12:23,smtp,10.116.216.72,2116,10.5.71.60,25,ti@hightech.net,1060@hightech.com,互联网资产监控报警
1035,2017-11-28 12:24,smtp,10.64.105.225,2405,10.5.71.60,25,1370@hightech.com,1041@hightech.com;1368@hightech.com;1347@hightech.com;1255@hightech.com;1248@hightech.com;1327@hightech.com;1439@hightech.com;1137@hightech.com;1467@hightech.com;1226@hightech.com;1369@hightech.com;1186@hightech.com;1213@hightech.com;1451@hightech.com;1124@hightech.com;1431@hightech.com;1293@hightech.com;1253@hightech.com;1342@hightech.com;1498@hightech.com;1108@hightech.com;1180@hightech.com;1346@hightech.com,财务分析
1042,2017-11-28 12:26,smtp,10.116.216.72,1950,10.5.71.60,25,ti@hightech.net,1060@hightech.com,互联网资产监控报警
1049,2017-11-28 12:27,smtp,10.116.216.72,1976,10.5.71.60,25,ti@hightech.net,1060@hightech.com,互联网资产监控报警
1050,2017-11-28 12:27,smtp,10.116.216.72,2031,10.5.71.60,25,ti@hightech.net,1060@hightech.com,互联网资产监控报警
1059,2017-11-28 12:28,smtp,10.116.216.72,2364,10.5.71.60,25,ti@hightech.net,1060@hightech.com,互联网资产监控报警
1062,2017-11-28 12:29,smtp,10.116.216.72,2178,10.5.71.60,25,ti@hightech.net,1060@hightech.com,互联网资产监控报警
1065,2017-11-28 12:29,smtp,10.116.216.72,1724,10.5.71.60,25,ti@hightech.net,1060@hightech.com,互联网资产监控报警
1071,2017-11-28 13:33,smtp,10.116.216.72,2874,10.5.71.60,25,ti@hightech.net,1060@hightech.com,互联网资产监控报警
1076,2017-11-28 13:39,smtp,10.1.4.17,4673,10.5.71.60,25,finance@hightech.com,1281@hightech.com,【通知】各项报销已结算完毕，请通过。
1080,2017-11-28 13:42,smtp,10.64.106.37,2807,10.5.71.60,25,1239@hightech.com,1342@hightech.com,财务报账
1091,2017-11-28 13:50,smtp,10.116.216.72,2354,10.5.71.60,25,ti@hightech.net,1060@hightech.com,互联网资产监控报警
1093,2017-11-28 13:51,smtp,10.116.216.72,3068,10.5.71.60,25,ti@hightech.net,1060@hightech.com,互联网资产监控报警
1096,2017-11-28 13:53,smtp,10.116.216.72,3283,10.5.71.60,25,ti@hightech.net,1060@hightech.com,互联网资产监控报警
1097,2017-11-28 13:54,smtp,10.64.105.71,2429,10.5.71.60,25,1180@hightech.com,1110@hightech.com,财务报账
1105,2017-11-28 13:58,smtp,10.116.216.72,2546,10.5.71.60,25,ti@hightech.net,1060@hightech.com,互联网资产监控报警
1118,2017-11-28 14:04,smtp,10.116.216.72,2592,10.5.71.60,25,ti@hightech.net,1060@hightech.com,互联网资产监控报警
1119,2017-11-28 14:05,smtp,10.64.106.16,2246,10.5.71.60,25,1347@hightech.com,1041@hightech.com;1368@hightech.com;1255@hightech.com;1248@hightech.com;1327@hightech.com;1439@hightech.com;1137@hightech.com;1370@hightech.com;1467@hightech.com;1226@hightech.com;1369@hightech.com;1186@hightech.com;1213@hightech.com;1451@hightech.com;1124@hightech.com;1431@hightech.com;1293@hightech.com;1253@hightech.com;1342@hightech.com;1498@hightech.com;1108@hightech.com;1180@hightech.com;1346@hightech.com,税务
1126,2017-11-28 14:05,smtp,10.116.216.72,2605,10.5.71.60,25,ti@hightech.net,1060@hightech.com,互联网资产监控报警
1127,2017-11-28 14:06,smtp,10.116.216.72,2544,10.5.71.60,25,ti@hightech.net,1060@hightech.com,互联网资产监控报警
1130,2017-11-28 14:06,smtp,10.116.216.72,3607,10.5.71.60,25,ti@hightech.net,1060@hightech.com,互联网资产监控报警
1131,2017-11-28 14:07,smtp,10.116.216.72,3069,10.5.71.60,25,ti@hightech.net,1060@hightech.com,互联网资产监控报警
1145,2017-11-28 14:14,smtp,10.64.105.231,2413,10.5.71.60,25,1213@hightech.com,1325@hightech.com,财务报账
1159,2017-11-28 14:21,smtp,10.116.216.72,2967,10.5.71.60,25,ti@hightech.net,1060@hightech.com,互联网资产监控报警
1162,2017-11-28 14:22,smtp,10.64.105.22,2694,10.5.71.60,25,1439@hightech.com,1041@hightech.com;1368@hightech.com;1347@hightech.com;1255@hightech.com;1248@hightech.com;1327@hightech.com;1137@hightech.com;1370@hightech.com;1467@hightech.com;1226@hightech.com;1369@hightech.com;1186@hightech.com;1213@hightech.com;1451@hightech.com;1124@hightech.com;1431@hightech.com;1293@hightech.com;1253@hightech.com;1342@hightech.com;1498@hightech.com;1108@hightech.com;1180@hightech.com;1346@hightech.com,资金
1169,2017-11-28 14:26,smtp,10.116.216.72,2886,10.5.71.60,25,ti@hightech.net,1060@hightech.com,互联网资产监控报警
1178,2017-11-28 14:32,smtp,10.116.216.72,2390,10.5.71.60,25,ti@hightech.net,1060@hightech.com,互联网资产监控报警
1186,2017-11-28 14:34,smtp,10.116.216.72,2686,10.5.71.60,25,ti@hightech.net,1060@hightech.com,互联网资产监控报警
1189,2017-11-28 14:35,smtp,10.116.216.72,2737,10.5.71.60,25,ti@hightech.net,1060@hightech.com,互联网资产监控报警
1201,2017-11-28 14:38,smtp,10.116.216.72,2733,10.5.71.60,25,ti@hightech.net,1060@hightech.com,互联网资产监控报警
1205,2017-11-28 14:39,smtp,10.116.216.72,2673,10.5.71.60,25,ti@hightech.net,1060@hightech.com,互联网资产监控报警
1206,2017-11-28 14:39,smtp,163.177.72.176,3642,10.5.71.60,25,f2ac7a033153e3865448ab54d8e6b4f3@qq.com,1369@hightech.com,财务
1208,2017-11-28 14:40,smtp,10.116.216.72,2836,10.5.71.60,25,ti@hightech.net,1060@hightech.com,互联网资产监控报警
1222,2017-11-28 14:46,smtp,10.116.216.72,2630,10.5.71.60,25,ti@hightech.net,1060@hightech.com,互联网资产监控报警
1226,2017-11-28 14:48,smtp,10.64.105.243,2599,10.5.71.60,25,1369@hightech.com,1249@hightech.com,财务报账
1229,2017-11-28 14:50,smtp,10.116.216.72,3407,10.5.71.60,25,ti@hightech.net,1060@hightech.com,互联网资产监控报警
1234,2017-11-28 14:53,smtp,10.116.216.72,3212,10.5.71.60,25,ti@hightech.net,1060@hightech.com,互联网资产监控报警
1238,2017-11-28 14:55,smtp,10.116.216.72,2630,10.5.71.60,25,ti@hightech.net,1060@hightech.com,互联网资产监控报警
1243,2017-11-28 14:58,smtp,10.116.216.72,3067,10.5.71.60,25,ti@hightech.net,1060@hightech.com,互联网资产监控报警
1251,2017-11-28 15:01,smtp,10.116.216.72,2205,10.5.71.60,25,ti@hightech.net,1060@hightech.com,互联网资产监控报警
1252,2017-11-28 15:01,smtp,10.116.216.72,3228,10.5.71.60,25,ti@hightech.net,1060@hightech.com,互联网资产监控报警
1261,2017-11-28 15:06,smtp,10.64.105.22,2710,10.5.71.60,25,1439@hightech.com,1322@hightech.com,财务报账
1263,2017-11-28 15:07,smtp,10.116.216.72,3426,10.5.71.60,25,ti@hightech.net,1060@hightech.com,互联网资产监控报警
1267,2017-11-28 15:08,smtp,10.116.216.72,3315,10.5.71.60,25,ti@hightech.net,1060@hightech.com,互联网资产监控报警
1274,2017-11-28 15:10,smtp,10.116.216.72,3170,10.5.71.60,25,ti@hightech.net,1060@hightech.com,互联网资产监控报警
1277,2017-11-28 15:12,smtp,10.116.216.72,2807,10.5.71.60,25,ti@hightech.net,1060@hightech.com,互联网资产监控报警
1280,2017-11-28 15:12,smtp,10.64.105.235,3071,10.5.71.60,25,1498@hightech.com,1041@hightech.com;1368@hightech.com;1347@hightech.com;1255@hightech.com;1248@hightech.com;1327@hightech.com;1439@hightech.com;1137@hightech.com;1370@hightech.com;1467@hightech.com;1226@hightech.com;1369@hightech.com;1186@hightech.com;1213@hightech.com;1451@hightech.com;1124@hightech.com;1431@hightech.com;1293@hightech.com;1253@hightech.com;1342@hightech.com;1108@hightech.com;1180@hightech.com;1346@hightech.com,成本控制
1284,2017-11-28 15:13,smtp,10.116.216.72,3439,10.5.71.60,25,ti@hightech.net,1060@hightech.com,互联网资产监控报警
1287,2017-11-28 15:16,smtp,10.116.216.72,2920,10.5.71.60,25,ti@hightech.net,1060@hightech.com,互联网资产监控报警
1300,2017-11-28 15:19,smtp,10.116.216.72,2834,10.5.71.60,25,ti@hightech.net,1060@hightech.com,互联网资产监控报警
1303,2017-11-28 15:20,smtp,10.116.216.72,3011,10.5.71.60,25,ti@hightech.net,1060@hightech.com,互联网资产监控报警
1304,2017-11-28 15:21,smtp,10.64.105.113,2694,10.5.71.60,25,1159@hightech.com,1451@hightech.com,财务报账
1307,2017-11-28 15:21,smtp,10.116.216.72,2869,10.5.71.60,25,ti@hightech.net,1060@hightech.com,互联网资产监控报警
1316,2017-11-28 15:24,smtp,10.116.216.72,2436,10.5.71.60,25,ti@hightech.net,1060@hightech.com,互联网资产监控报警
1326,2017-11-28 15:28,smtp,10.116.216.72,3554,10.5.71.60,25,ti@hightech.net,1060@hightech.com,互联网资产监控报警
1327,2017-11-28 15:29,smtp,10.116.216.72,3136,10.5.71.60,25,ti@hightech.net,1060@hightech.com,互联网资产监控报警
1329,2017-11-28 15:30,smtp,10.116.216.72,3096,10.5.71.60,25,ti@hightech.net,1060@hightech.com,互联网资产监控报警
1336,2017-11-28 15:33,smtp,10.64.106.32,3468,10.5.71.60,25,1371@hightech.com,1347@hightech.com,财务报账
1343,2017-11-28 15:36,smtp,10.116.216.72,3433,10.5.71.60,25,ti@hightech.net,1060@hightech.com,互联网资产监控报警
1344,2017-11-28 15:36,smtp,10.116.216.72,3978,10.5.71.60,25,ti@hightech.net,1060@hightech.com,互联网资产监控报警
1353,2017-11-28 15:41,smtp,10.116.216.72,2801,10.5.71.60,25,ti@hightech.net,1060@hightech.com,互联网资产监控报警
1354,2017-11-28 15:41,smtp,10.116.216.72,3212,10.5.71.60,25,ti@hightech.net,1060@hightech.com,互联网资产监控报警
1359,2017-11-28 15:43,smtp,10.116.216.72,3829,10.5.71.60,25,ti@hightech.net,1060@hightech.com,互联网资产监控报警
1360,2017-11-28 15:43,smtp,10.116.216.72,2993,10.5.71.60,25,ti@hightech.net,1060@hightech.com,互联网资产监控报警
1369,2017-11-28 15:48,smtp,10.116.216.72,3086,10.5.71.60,25,ti@hightech.net,1060@hightech.com,互联网资产监控报警
1372,2017-11-28 15:49,smtp,10.116.216.72,2911,10.5.71.60,25,ti@hightech.net,1060@hightech.com,互联网资产监控报警
1378,2017-11-28 15:50,smtp,10.116.216.72,2905,10.5.71.60,25,ti@hightech.net,1060@hightech.com,互联网资产监控报警
1380,2017-11-28 15:52,smtp,10.116.216.72,2554,10.5.71.60,25,ti@hightech.net,1060@hightech.com,互联网资产监控报警
1399,2017-11-28 16:01,smtp,10.64.105.243,2603,10.5.71.60,25,1369@hightech.com,1041@hightech.com;1368@hightech.com;1347@hightech.com;1255@hightech.com;1248@hightech.com;1327@hightech.com;1439@hightech.com;1137@hightech.com;1370@hightech.com;1467@hightech.com;1226@hightech.com;1186@hightech.com;1213@hightech.com;1451@hightech.com;1124@hightech.com;1431@hightech.com;1293@hightech.com;1253@hightech.com;1342@hightech.com;1498@hightech.com;1108@hightech.com;1180@hightech.com;1346@hightech.com,资金
1403,2017-11-28 16:04,smtp,10.1.4.17,3842,10.5.71.60,25,finance@hightech.com,1376@hightech.com,【通知】各项报销已结算完毕，请通过。
1409,2017-11-28 16:05,smtp,10.116.216.72,3429,10.5.71.60,25,ti@hightech.net,1060@hightech.com,互联网资产监控报警
1413,2017-11-28 16:06,smtp,10.116.216.72,2422,10.5.71.60,25,ti@hightech.net,1060@hightech.com,互联网资产监控报警
1418,2017-11-28 16:08,smtp,10.116.216.72,3387,10.5.71.60,25,ti@hightech.net,1060@hightech.com,互联网资产监控报警
1430,2017-11-28 16:13,smtp,10.116.216.72,2578,10.5.71.60,25,ti@hightech.net,1060@hightech.com,互联网资产监控报警
1437,2017-11-28 16:16,smtp,10.116.216.72,2580,10.5.71.60,25,ti@hightech.net,1060@hightech.com,互联网资产监控报警
1443,2017-11-28 16:18,smtp,10.116.216.72,3413,10.5.71.60,25,ti@hightech.net,1060@hightech.com,互联网资产监控报警
1450,2017-11-28 16:22,smtp,10.64.106.22,3553,10.5.71.60,25,1181@hightech.com,1347@hightech.com,财务报账
1456,2017-11-28 16:25,smtp,10.116.216.72,3433,10.5.71.60,25,ti@hightech.net,1060@hightech.com,互联网资产监控报警
1458,2017-11-28 16:26,smtp,10.116.216.72,3173,10.5.71.60,25,ti@hightech.net,1060@hightech.com,互联网资产监控报警
1463,2017-11-28 16:28,smtp,10.64.106.23,2845,10.5.71.60,25,1248@hightech.com,1435@hightech.com,财务报账
1466,2017-11-28 16:30,smtp,10.116.216.72,3103,10.5.71.60,25,ti@hightech.net,1060@hightech.com,互联网资产监控报警
1469,2017-11-28 16:31,smtp,10.116.216.72,2694,10.5.71.60,25,ti@hightech.net,1060@hightech.com,互联网资产监控报警
1473,2017-11-28 16:34,smtp,10.116.216.72,2553,10.5.71.60,25,ti@hightech.net,1060@hightech.com,互联网资产监控报警
1478,2017-11-28 16:36,smtp,10.116.216.72,2985,10.5.71.60,25,ti@hightech.net,1060@hightech.com,互联网资产监控报警
1481,2017-11-28 16:37,smtp,10.116.216.72,3073,10.5.71.60,25,ti@hightech.net,1060@hightech.com,互联网资产监控报警
1488,2017-11-28 16:42,smtp,219.142.78.230,3156,10.5.71.60,25,5c84af717a919e0f45a51963cd4af201@sina.com,1368@hightech.com,财务
1489,2017-11-28 16:42,smtp,10.116.216.72,1895,10.5.71.60,25,ti@hightech.net,1060@hightech.com,互联网资产监控报警
1492,2017-11-28 16:43,smtp,10.116.216.72,2301,10.5.71.60,25,ti@hightech.net,1060@hightech.com,互联网资产监控报警
1511,2017-11-28 16:54,smtp,10.116.216.72,3147,10.5.71.60,25,ti@hightech.net,1060@hightech.com,互联网资产监控报警
1512,2017-11-28 16:55,smtp,10.116.216.72,3230,10.5.71.60,25,ti@hightech.net,1060@hightech.com,互联网资产监控报警
1521,2017-11-28 16:58,smtp,10.116.216.72,3418,10.5.71.60,25,ti@hightech.net,1060@hightech.com,互联网资产监控报警
1527,2017-11-28 17:02,smtp,10.116.216.72,3320,10.5.71.60,25,ti@hightech.net,1060@hightech.com,互联网资产监控报警
1530,2017-11-28 17:03,smtp,10.116.216.72,3073,10.5.71.60,25,ti@hightech.net,1060@hightech.com,互联网资产监控报警
1536,2017-11-28 17:06,smtp,10.116.216.72,2302,10.5.71.60,25,ti@hightech.net,1060@hightech.com,互联网资产监控报警
1539,2017-11-28 17:06,smtp,10.116.216.72,3124,10.5.71.60,25,ti@hightech.net,1060@hightech.com,互联网资产监控报警
1545,2017-11-28 17:10,smtp,10.64.105.198,2608,10.5.71.60,25,1467@hightech.com,1487@hightech.com,财务报账
1546,2017-11-28 17:11,smtp,10.116.216.72,3287,10.5.71.60,25,ti@hightech.net,1060@hightech.com,互联网资产监控报警
1549,2017-11-28 17:13,smtp,10.116.216.72,2945,10.5.71.60,25,ti@hightech.net,1060@hightech.com,互联网资产监控报警
1553,2017-11-28 17:14,smtp,10.116.216.72,2170,10.5.71.60,25,ti@hightech.net,1060@hightech.com,互联网资产监控报警
1556,2017-11-28 17:14,smtp,10.116.216.72,2565,10.5.71.60,25,ti@hightech.net,1060@hightech.com,互联网资产监控报警
1563,2017-11-28 17:19,smtp,10.116.216.72,3197,10.5.71.60,25,ti@hightech.net,1060@hightech.com,互联网资产监控报警
1578,2017-11-28 17:27,smtp,10.116.216.72,3206,10.5.71.60,25,ti@hightech.net,1060@hightech.com,互联网资产监控报警
1583,2017-11-28 17:28,smtp,10.116.216.72,3294,10.5.71.60,25,ti@hightech.net,1060@hightech.com,互联网资产监控报警
1589,2017-11-28 17:30,smtp,10.116.216.72,3355,10.5.71.60,25,ti@hightech.net,1060@hightech.com,互联网资产监控报警
1602,2017-11-28 17:37,smtp,10.116.216.72,3158,10.5.71.60,25,ti@hightech.net,1060@hightech.com,互联网资产监控报警
1605,2017-11-28 17:38,smtp,10.116.216.72,2892,10.5.71.60,25,ti@hightech.net,1060@hightech.com,互联网资产监控报警
1612,2017-11-28 17:41,smtp,10.116.216.72,2793,10.5.71.60,25,ti@hightech.net,1060@hightech.com,互联网资产监控报警
1613,2017-11-28 17:42,smtp,10.64.105.8,2941,10.5.71.60,25,1108@hightech.com,add578aa5951b4b29cac3ce0b0a0ca55@sohu.com,财务
1615,2017-11-28 17:43,smtp,10.116.216.72,2424,10.5.71.60,25,ti@hightech.net,1060@hightech.com,互联网资产监控报警
1624,2017-11-28 17:49,smtp,10.116.216.72,2608,10.5.71.60,25,ti@hightech.net,1060@hightech.com,互联网资产监控报警
1630,2017-11-28 17:52,smtp,10.116.216.72,2566,10.5.71.60,25,ti@hightech.net,1060@hightech.com,互联网资产监控报警
1631,2017-11-28 17:52,smtp,10.116.216.72,2993,10.5.71.60,25,ti@hightech.net,1060@hightech.com,互联网资产监控报警
1633,2017-11-28 17:54,smtp,10.116.216.72,2655,10.5.71.60,25,ti@hightech.net,1060@hightech.com,互联网资产监控报警
1640,2017-11-28 17:57,smtp,10.116.216.72,3308,10.5.71.60,25,ti@hightech.net,1060@hightech.com,互联网资产监控报警
1645,2017-11-28 18:04,smtp,10.64.105.29,3192,10.5.71.60,25,1451@hightech.com,1041@hightech.com;1368@hightech.com;1347@hightech.com;1255@hightech.com;1248@hightech.com;1327@hightech.com;1439@hightech.com;1137@hightech.com;1370@hightech.com;1467@hightech.com;1226@hightech.com;1369@hightech.com;1186@hightech.com;1213@hightech.com;1124@hightech.com;1431@hightech.com;1293@hightech.com;1253@hightech.com;1342@hightech.com;1498@hightech.com;1108@hightech.com;1180@hightech.com;1346@hightech.com,会计核算
1649,2017-11-28 18:08,smtp,10.116.216.72,3155,10.5.71.60,25,ti@hightech.net,1060@hightech.com,互联网资产监控报警
1651,2017-11-28 18:09,smtp,10.116.216.72,2896,10.5.71.60,25,ti@hightech.net,1060@hightech.com,互联网资产监控报警
1653,2017-11-28 18:10,smtp,10.116.216.72,2453,10.5.71.60,25,ti@hightech.net,1060@hightech.com,互联网资产监控报警
1665,2017-11-28 18:15,smtp,10.116.216.72,2835,10.5.71.60,25,ti@hightech.net,1060@hightech.com,互联网资产监控报警
1666,2017-11-28 18:16,smtp,10.116.216.72,2597,10.5.71.60,25,ti@hightech.net,1060@hightech.com,互联网资产监控报警
1683,2017-11-28 18:26,smtp,10.116.216.72,3593,10.5.71.60,25,ti@hightech.net,1060@hightech.com,互联网资产监控报警
1685,2017-11-28 18:28,smtp,10.116.216.72,2483,10.5.71.60,25,ti@hightech.net,1060@hightech.com,互联网资产监控报警
1692,2017-11-28 18:35,smtp,10.116.216.72,2795,10.5.71.60,25,ti@hightech.net,1060@hightech.com,互联网资产监控报警
1707,2017-11-28 18:40,smtp,10.116.216.72,2486,10.5.71.60,25,ti@hightech.net,1060@hightech.com,互联网资产监控报警
1714,2017-11-28 18:44,smtp,10.116.216.72,2862,10.5.71.60,25,ti@hightech.net,1060@hightech.com,互联网资产监控报警
1718,2017-11-28 18:48,smtp,10.116.216.72,2452,10.5.71.60,25,ti@hightech.net,1060@hightech.com,互联网资产监控报警
1732,2017-11-28 19:01,smtp,10.64.105.5,2705,10.5.71.60,25,1238@hightech.com,1370@hightech.com,财务报账
1734,2017-11-28 19:05,smtp,10.116.216.72,2586,10.5.71.60,25,ti@hightech.net,1060@hightech.com,互联网资产监控报警
1744,2017-11-28 19:16,smtp,10.116.216.72,3940,10.5.71.60,25,ti@hightech.net,1060@hightech.com,互联网资产监控报警
1745,2017-11-28 19:17,smtp,10.116.216.72,2379,10.5.71.60,25,ti@hightech.net,1060@hightech.com,互联网资产监控报警
1747,2017-11-28 19:22,smtp,10.116.216.72,2925,10.5.71.60,25,ti@hightech.net,1060@hightech.com,互联网资产监控报警
1754,2017-11-28 19:27,smtp,10.116.216.72,3401,10.5.71.60,25,ti@hightech.net,1060@hightech.com,互联网资产监控报警
1755,2017-11-28 19:30,smtp,10.116.216.72,3356,10.5.71.60,25,ti@hightech.net,1060@hightech.com,互联网资产监控报警
1757,2017-11-28 19:32,smtp,10.116.216.72,2917,10.5.71.60,25,ti@hightech.net,1060@hightech.com,互联网资产监控报警
1760,2017-11-28 19:39,smtp,10.116.216.72,2478,10.5.71.60,25,ti@hightech.net,1060@hightech.com,互联网资产监控报警
1774,2017-11-28 19:57,smtp,10.116.216.72,2717,10.5.71.60,25,ti@hightech.net,1060@hightech.com,互联网资产监控报警
1787,2017-11-28 20:08,smtp,10.116.216.72,2824,10.5.71.60,25,ti@hightech.net,1060@hightech.com,互联网资产监控报警
1805,2017-11-28 20:49,smtp,10.116.216.72,2921,10.5.71.60,25,ti@hightech.net,1060@hightech.com,互联网资产监控报警
1806,2017-11-28 20:57,smtp,10.64.105.154,2665,10.5.71.60,25,1313@hightech.com,1431@hightech.com,财务报账
